INSERT INTO ACL (id, model, property, accessType, permission, principalType, principalId) VALUES (1, 'Grpc', 'getDialogAgentManagerAllList', '*', 'ALLOW', 'ROLE', 'dam^R');
INSERT INTO ACL (id, model, property, accessType, permission, principalType, principalId) VALUES (2, 'Grpc', 'getDialogAgentManagerInfo', '*', 'ALLOW', 'ROLE', 'dam^R');
INSERT INTO ACL (id, model, property, accessType, permission, principalType, principalId) VALUES (3, 'Grpc', 'getDialogAgentManagerList', '*', 'ALLOW', 'ROLE', 'dam^R');
INSERT INTO ACL (id, model, property, accessType, permission, principalType, principalId) VALUES (4, 'Grpc', 'insertDialogAgentManagerInfo', '*', 'ALLOW', 'ROLE', 'dam^C');
INSERT INTO ACL (id, model, property, accessType, permission, principalType, principalId) VALUES (5, 'Grpc', 'getDialogAgentWithDialogAgentInstanceList', '*', 'ALLOW', 'ROLE', 'dam^R');
INSERT INTO ACL (id, model, property, accessType, permission, principalType, principalId) VALUES (6, 'Grpc', 'updateDialogAgentManagerInfo', '*', 'ALLOW', 'ROLE', 'dam^U');
INSERT INTO ACL (id, model, property, accessType, permission, principalType, principalId) VALUES (7, 'Grpc', 'deleteDialogAgentManager', '*', 'ALLOW', 'ROLE', 'dam^D');
INSERT INTO ACL (id, model, property, accessType, permission, principalType, principalId) VALUES (8, 'Grpc', 'stopDialogAgentManager', '*', 'ALLOW', 'ROLE', 'dam^X');
INSERT INTO ACL (id, model, property, accessType, permission, principalType, principalId) VALUES (9, 'Grpc', 'startDialogAgentManager', '*', 'ALLOW', 'ROLE', 'dam^X');
INSERT INTO ACL (id, model, property, accessType, permission, principalType, principalId) VALUES (10, 'Grpc', 'restartDialogAgentManager', '*', 'ALLOW', 'ROLE', 'dam^X');
INSERT INTO ACL (id, model, property, accessType, permission, principalType, principalId) VALUES (11, 'Grpc', 'getDialogAgentAllList', '*', 'ALLOW', 'ROLE', 'da^R');
INSERT INTO ACL (id, model, property, accessType, permission, principalType, principalId) VALUES (12, 'Grpc', 'getDialogAgentInfo', '*', 'ALLOW', 'ROLE', 'da^R');
INSERT INTO ACL (id, model, property, accessType, permission, principalType, principalId) VALUES (13, 'Grpc', 'getDialogAgentActivationInfoList', '*', 'ALLOW', 'ROLE', 'da^R');
INSERT INTO ACL (id, model, property, accessType, permission, principalType, principalId) VALUES (14, 'Grpc', 'insertDialogAgentInfo', '*', 'ALLOW', 'ROLE', 'da^C');
INSERT INTO ACL (id, model, property, accessType, permission, principalType, principalId) VALUES (15, 'Grpc', 'updateDialogAgentInfo', '*', 'ALLOW', 'ROLE', 'da^U');
INSERT INTO ACL (id, model, property, accessType, permission, principalType, principalId) VALUES (16, 'Grpc', 'deleteDialogAgent', '*', 'ALLOW', 'ROLE', 'da^D');
INSERT INTO ACL (id, model, property, accessType, permission, principalType, principalId) VALUES (17, 'Grpc', 'getRuntimeParameters', '*', 'ALLOW', 'ROLE', 'da^R');
INSERT INTO ACL (id, model, property, accessType, permission, principalType, principalId) VALUES (18, 'Grpc', 'getUserAttributes', '*', 'ALLOW', 'ROLE', 'da^R');
INSERT INTO ACL (id, model, property, accessType, permission, principalType, principalId) VALUES (19, 'Grpc', 'getExecutableDA', '*', 'ALLOW', 'ROLE', 'da^R');
INSERT INTO ACL (id, model, property, accessType, permission, principalType, principalId) VALUES (20, 'Grpc', 'stopDialogAgent', '*', 'ALLOW', 'ROLE', 'da^X');
INSERT INTO ACL (id, model, property, accessType, permission, principalType, principalId) VALUES (21, 'Grpc', 'startDialogAgent', '*', 'ALLOW', 'ROLE', 'da^X');
INSERT INTO ACL (id, model, property, accessType, permission, principalType, principalId) VALUES (22, 'Grpc', 'restartDialogAgent', '*', 'ALLOW', 'ROLE', 'da^X');
INSERT INTO ACL (id, model, property, accessType, permission, principalType, principalId) VALUES (23, 'Grpc', 'getChatbotAllList', '*', 'ALLOW', 'ROLE', 'chbt^R');
INSERT INTO ACL (id, model, property, accessType, permission, principalType, principalId) VALUES (24, 'Grpc', 'getChatbotInfo', '*', 'ALLOW', 'ROLE', 'chbt^R');
INSERT INTO ACL (id, model, property, accessType, permission, principalType, principalId) VALUES (25, 'Grpc', 'insertChatbotInfo', '*', 'ALLOW', 'ROLE', 'chbt^C');
INSERT INTO ACL (id, model, property, accessType, permission, principalType, principalId) VALUES (26, 'Grpc', 'updateChatbotInfo', '*', 'ALLOW', 'ROLE', 'chbt^U');
INSERT INTO ACL (id, model, property, accessType, permission, principalType, principalId) VALUES (27, 'Grpc', 'deleteChatbot', '*', 'ALLOW', 'ROLE', 'chbt^D');
INSERT INTO ACL (id, model, property, accessType, permission, principalType, principalId) VALUES (28, 'Grpc', 'getSimpleClassifierAllList', '*', 'ALLOW', 'ROLE', 'sc^R');
INSERT INTO ACL (id, model, property, accessType, permission, principalType, principalId) VALUES (29, 'Grpc', 'getSimpleClassifierInfo', '*', 'ALLOW', 'ROLE', 'sc^R');
INSERT INTO ACL (id, model, property, accessType, permission, principalType, principalId) VALUES (30, 'Grpc', 'insertSimpleClassifierInfo', '*', 'ALLOW', 'ROLE', 'sc^C');
INSERT INTO ACL (id, model, property, accessType, permission, principalType, principalId) VALUES (31, 'Grpc', 'updateSimpleClassifierInfo', '*', 'ALLOW', 'ROLE', 'sc^U');
INSERT INTO ACL (id, model, property, accessType, permission, principalType, principalId) VALUES (32, 'Grpc', 'deleteSimpleClassifier', '*', 'ALLOW', 'ROLE', 'sc^D');
INSERT INTO ACL (id, model, property, accessType, permission, principalType, principalId) VALUES (33, 'Grpc', 'getDialogAgentInstanceAllList', '*', 'ALLOW', 'ROLE', 'dai^R');
INSERT INTO ACL (id, model, property, accessType, permission, principalType, principalId) VALUES (34, 'Grpc', 'getDialogAgentInstanceByChatbotName', '*', 'ALLOW', 'ROLE', 'dai^R');
INSERT INTO ACL (id, model, property, accessType, permission, principalType, principalId) VALUES (35, 'Grpc', 'getDialogAgentInstanceInfo', '*', 'ALLOW', 'ROLE', 'dai^R');
INSERT INTO ACL (id, model, property, accessType, permission, principalType, principalId) VALUES (36, 'Grpc', 'getDialogAgentInstanceResourceList', '*', 'ALLOW', 'ROLE', 'dai^R');
INSERT INTO ACL (id, model, property, accessType, permission, principalType, principalId) VALUES (37, 'Grpc', 'insertDialogAgentInstanceInfo', '*', 'ALLOW', 'ROLE', 'dai^C');
INSERT INTO ACL (id, model, property, accessType, permission, principalType, principalId) VALUES (38, 'Grpc', 'updateDialogAgentInstanceInfo', '*', 'ALLOW', 'ROLE', 'dai^U');
INSERT INTO ACL (id, model, property, accessType, permission, principalType, principalId) VALUES (39, 'Grpc', 'deleteDialogAgentInstance', '*', 'ALLOW', 'ROLE', 'dai^D');
INSERT INTO ACL (id, model, property, accessType, permission, principalType, principalId) VALUES (40, 'Grpc', 'stopDialogAgentInstance', '*', 'ALLOW', 'ROLE', 'dai^X');
INSERT INTO ACL (id, model, property, accessType, permission, principalType, principalId) VALUES (41, 'Grpc', 'startDialogAgentInstance', '*', 'ALLOW', 'ROLE', 'dai^X');
INSERT INTO ACL (id, model, property, accessType, permission, principalType, principalId) VALUES (42, 'Grpc', 'restartDialogAgentInstance', '*', 'ALLOW', 'ROLE', 'dai^X');
INSERT INTO ACL (id, model, property, accessType, permission, principalType, principalId) VALUES (43, 'Grpc', 'getIntentFinderAllList', '*', 'ALLOW', 'ROLE', 'itf^R');
INSERT INTO ACL (id, model, property, accessType, permission, principalType, principalId) VALUES (44, 'Grpc', 'getIntentFinderInfo', '*', 'ALLOW', 'ROLE', 'itf^R');
INSERT INTO ACL (id, model, property, accessType, permission, principalType, principalId) VALUES (45, 'Grpc', 'insertIntentFinderInfo', '*', 'ALLOW', 'ROLE', 'itf^C');
INSERT INTO ACL (id, model, property, accessType, permission, principalType, principalId) VALUES (46, 'Grpc', 'updateIntentFinderInfo', '*', 'ALLOW', 'ROLE', 'itf^U');
INSERT INTO ACL (id, model, property, accessType, permission, principalType, principalId) VALUES (47, 'Grpc', 'deleteIntentFinder', '*', 'ALLOW', 'ROLE', 'itf^D');
INSERT INTO ACL (id, model, property, accessType, permission, principalType, principalId) VALUES (48, 'Grpc', 'getAuthticationPolicyAllList', '*', 'ALLOW', 'ROLE', 'aupl^R');
INSERT INTO ACL (id, model, property, accessType, permission, principalType, principalId) VALUES (49, 'Grpc', 'getSupervisorServerGroupList', '*', 'ALLOW', 'ROLE', 'svd^R');
INSERT INTO ACL (id, model, property, accessType, permission, principalType, principalId) VALUES (50, 'Grpc', 'startSupervisorProcess', '*', 'ALLOW', 'ROLE', 'svd^X');
INSERT INTO ACL (id, model, property, accessType, permission, principalType, principalId) VALUES (51, 'Grpc', 'stopSupervisorProcess', '*', 'ALLOW', 'ROLE', 'svd^X');
INSERT INTO ACL (id, model, property, accessType, permission, principalType, principalId) VALUES (52, 'Grpc', 'getFacadeChatbots', '*', 'ALLOW', 'ROLE', 'fcd^R');
INSERT INTO ACL (id, model, property, accessType, permission, principalType, principalId) VALUES (53, 'Grpc', 'openDialogService', '*', 'ALLOW', 'ROLE', 'fcd^R');
INSERT INTO ACL (id, model, property, accessType, permission, principalType, principalId) VALUES (54, 'Grpc', 'sendSimpleTextTalk', '*', 'ALLOW', 'ROLE', 'fcd^R');
INSERT INTO ACL (id, model, property, accessType, permission, principalType, principalId) VALUES (55, 'Grpc', 'sendTalkAnalyze', '*', 'ALLOW', 'ROLE', 'fcd^R');
INSERT INTO ACL (id, model, property, accessType, permission, principalType, principalId) VALUES (56, 'Grpc', 'closeDialogService', '*', 'ALLOW', 'ROLE', 'fcd^R');
INSERT INTO ACL (id, model, property, accessType, permission, principalType, principalId) VALUES (57, 'Grpc', 'findClassifierResolverModel', '*', 'ALLOW', 'ROLE', 'ta^R');
INSERT INTO ACL (id, model, property, accessType, permission, principalType, principalId) VALUES (58, 'Grpc', 'getClassifierResolverModels', '*', 'ALLOW', 'ROLE', 'ta^R');
INSERT INTO ACL (id, model, property, accessType, permission, principalType, principalId) VALUES (59, 'Grpc', 'getClassifierResolverServers', '*', 'ALLOW', 'ROLE', 'ta^R');
INSERT INTO ACL (id, model, property, accessType, permission, principalType, principalId) VALUES (60, 'Grpc', 'getClassifierResolverModelCategories', '*', 'ALLOW', 'ROLE', 'ta^R');
INSERT INTO ACL (id, model, property, accessType, permission, principalType, principalId) VALUES (61, 'Grpc', 'getSTTModels', '*', 'ALLOW', 'ROLE', 'stt^R');
INSERT INTO ACL (id, model, property, accessType, permission, principalType, principalId) VALUES (62, 'Grpc', 'getChatbotAllList', '*', 'ALLOW', 'ROLE', 'dashboard^R');
INSERT INTO ACL (id, model, property, accessType, permission, principalType, principalId) VALUES (63, 'Grpc', 'getSupervisorServerGroupList', '*', 'ALLOW', 'ROLE', 'dashboard^R');


INSERT INTO ConsoleUser (id, username, password, email, activated, lastUpdated) VALUES (1, 'manager', '$2a$10$e.B5G7N/ClawAPUcKRA8MegOltRsMM0WGzRwPcONtUGKfDRGAIsyO', 'manager@console.com', 1, now());
INSERT INTO ConsoleUser (id, username, password, email, activated, lastUpdated) VALUES (2, 'guest', '$2a$10$uGE3DOIBQyHlNsLsqb.4auqYj..dBhxXKWAz7KC0Osw0GH/kVsDg6', 'guest@console.com', 1, now());
INSERT INTO ConsoleUser (id, username, password, email, activated, lastUpdated) VALUES (3, 'admin', '$2a$10$GIBrO7wfkem56MzTARwPZeYykg2abo0n5dJxef57WjzP4ORPq/3rq', 'admin@console.com', 1, now());

INSERT INTO Role (id, name, description, created, modified) VALUES (1, 'admin', null, now(), now());
INSERT INTO Role (id, name, description, created, modified) VALUES (2, 'svd^R', null, now(), now());
INSERT INTO Role (id, name, description, created, modified) VALUES (3, 'svd^X', null, now(), now());
INSERT INTO Role (id, name, description, created, modified) VALUES (4, 'dam^C', null, now(), now());
INSERT INTO Role (id, name, description, created, modified) VALUES (5, 'dam^R', null, now(), now());
INSERT INTO Role (id, name, description, created, modified) VALUES (6, 'dam^U', null, now(), now());
INSERT INTO Role (id, name, description, created, modified) VALUES (7, 'dam^D', null, now(), now());
INSERT INTO Role (id, name, description, created, modified) VALUES (8, 'dam^X', null, now(), now());
INSERT INTO Role (id, name, description, created, modified) VALUES (9, 'da^C', null, now(), now());
INSERT INTO Role (id, name, description, created, modified) VALUES (10, 'da^R', null, now(), now());
INSERT INTO Role (id, name, description, created, modified) VALUES (11, 'da^U', null, now(), now());
INSERT INTO Role (id, name, description, created, modified) VALUES (12, 'da^D', null, now(), now());
INSERT INTO Role (id, name, description, created, modified) VALUES (13, 'da^X', null, now(), now());
INSERT INTO Role (id, name, description, created, modified) VALUES (14, 'sc^C', null, now(), now());
INSERT INTO Role (id, name, description, created, modified) VALUES (15, 'sc^R', null, now(), now());
INSERT INTO Role (id, name, description, created, modified) VALUES (16, 'sc^U', null, now(), now());
INSERT INTO Role (id, name, description, created, modified) VALUES (17, 'sc^D', null, now(), now());
INSERT INTO Role (id, name, description, created, modified) VALUES (18, 'ta^R', null, now(), now());
INSERT INTO Role (id, name, description, created, modified) VALUES (19, 'itf^C', null, now(), now());
INSERT INTO Role (id, name, description, created, modified) VALUES (20, 'itf^R', null, now(), now());
INSERT INTO Role (id, name, description, created, modified) VALUES (21, 'itf^U', null, now(), now());
INSERT INTO Role (id, name, description, created, modified) VALUES (22, 'itf^D', null, now(), now());
INSERT INTO Role (id, name, description, created, modified) VALUES (23, 'aupl^R', null, now(), now());
INSERT INTO Role (id, name, description, created, modified) VALUES (24, 'stt^R', null, now(), now());
INSERT INTO Role (id, name, description, created, modified) VALUES (25, 'chbt^C', null, now(), now());
INSERT INTO Role (id, name, description, created, modified) VALUES (26, 'chbt^R', null, now(), now());
INSERT INTO Role (id, name, description, created, modified) VALUES (27, 'chbt^U', null, now(), now());
INSERT INTO Role (id, name, description, created, modified) VALUES (28, 'chbt^D', null, now(), now());
INSERT INTO Role (id, name, description, created, modified) VALUES (29, 'dai^C', null, now(), now());
INSERT INTO Role (id, name, description, created, modified) VALUES (30, 'dai^R', null, now(), now());
INSERT INTO Role (id, name, description, created, modified) VALUES (31, 'dai^U', null, now(), now());
INSERT INTO Role (id, name, description, created, modified) VALUES (32, 'dai^D', null, now(), now());
INSERT INTO Role (id, name, description, created, modified) VALUES (33, 'dai^X', null, now(), now());
INSERT INTO Role (id, name, description, created, modified) VALUES (34, 'fcd^R', null, now(), now());
INSERT INTO Role (id, name, description, created, modified) VALUES (35, 'egn^C', null, now(), now());
INSERT INTO Role (id, name, description, created, modified) VALUES (36, 'egn^R', null, now(), now());
INSERT INTO Role (id, name, description, created, modified) VALUES (37, 'egn^U', null, now(), now());
INSERT INTO Role (id, name, description, created, modified) VALUES (38, 'egn^D', null, now(), now());
INSERT INTO Role (id, name, description, created, modified) VALUES (39, 'stfc^R', null, now(), now());
INSERT INTO Role (id, name, description, created, modified) VALUES (40, 'accr^R', null, now(), now());
INSERT INTO Role (id, name, description, created, modified) VALUES (41, 'accr^U', null, now(), now());
INSERT INTO Role (id, name, description, created, modified) VALUES (42, 'accr^D', null, now(), now());
INSERT INTO Role (id, name, description, created, modified) VALUES (43, 'dashboard^R', null, now(), now());

INSERT INTO RoleMapping (id, principalType, principalId, roleId) VALUES (1, 'USER', '3', 1);
INSERT INTO RoleMapping (id, principalType, principalId, roleId) VALUES (2, 'USER', '1', 7);
INSERT INTO RoleMapping (id, principalType, principalId, roleId) VALUES (3, 'USER', '1', 2);
INSERT INTO RoleMapping (id, principalType, principalId, roleId) VALUES (4, 'USER', '1', 3);
INSERT INTO RoleMapping (id, principalType, principalId, roleId) VALUES (5, 'USER', '1', 4);
INSERT INTO RoleMapping (id, principalType, principalId, roleId) VALUES (6, 'USER', '1', 5);
INSERT INTO RoleMapping (id, principalType, principalId, roleId) VALUES (7, 'USER', '1', 6);
INSERT INTO RoleMapping (id, principalType, principalId, roleId) VALUES (8, 'USER', '1', 9);
INSERT INTO RoleMapping (id, principalType, principalId, roleId) VALUES (9, 'USER', '1', 10);
INSERT INTO RoleMapping (id, principalType, principalId, roleId) VALUES (10, 'USER', '1', 8);
INSERT INTO RoleMapping (id, principalType, principalId, roleId) VALUES (11, 'USER', '1', 11);
INSERT INTO RoleMapping (id, principalType, principalId, roleId) VALUES (12, 'USER', '1', 12);
INSERT INTO RoleMapping (id, principalType, principalId, roleId) VALUES (13, 'USER', '1', 14);
INSERT INTO RoleMapping (id, principalType, principalId, roleId) VALUES (14, 'USER', '1', 15);
INSERT INTO RoleMapping (id, principalType, principalId, roleId) VALUES (15, 'USER', '1', 16);
INSERT INTO RoleMapping (id, principalType, principalId, roleId) VALUES (16, 'USER', '1', 17);
INSERT INTO RoleMapping (id, principalType, principalId, roleId) VALUES (17, 'USER', '1', 18);
INSERT INTO RoleMapping (id, principalType, principalId, roleId) VALUES (18, 'USER', '1', 13);
INSERT INTO RoleMapping (id, principalType, principalId, roleId) VALUES (19, 'USER', '1', 19);
INSERT INTO RoleMapping (id, principalType, principalId, roleId) VALUES (20, 'USER', '1', 20);
INSERT INTO RoleMapping (id, principalType, principalId, roleId) VALUES (21, 'USER', '1', 21);
INSERT INTO RoleMapping (id, principalType, principalId, roleId) VALUES (22, 'USER', '1', 23);
INSERT INTO RoleMapping (id, principalType, principalId, roleId) VALUES (23, 'USER', '1', 22);
INSERT INTO RoleMapping (id, principalType, principalId, roleId) VALUES (24, 'USER', '1', 24);
INSERT INTO RoleMapping (id, principalType, principalId, roleId) VALUES (25, 'USER', '1', 25);
INSERT INTO RoleMapping (id, principalType, principalId, roleId) VALUES (26, 'USER', '1', 26);
INSERT INTO RoleMapping (id, principalType, principalId, roleId) VALUES (27, 'USER', '1', 27);
INSERT INTO RoleMapping (id, principalType, principalId, roleId) VALUES (28, 'USER', '1', 29);
INSERT INTO RoleMapping (id, principalType, principalId, roleId) VALUES (29, 'USER', '1', 30);
INSERT INTO RoleMapping (id, principalType, principalId, roleId) VALUES (30, 'USER', '1', 31);
INSERT INTO RoleMapping (id, principalType, principalId, roleId) VALUES (31, 'USER', '1', 32);
INSERT INTO RoleMapping (id, principalType, principalId, roleId) VALUES (32, 'USER', '1', 28);
INSERT INTO RoleMapping (id, principalType, principalId, roleId) VALUES (33, 'USER', '1', 33);
INSERT INTO RoleMapping (id, principalType, principalId, roleId) VALUES (34, 'USER', '1', 34);
INSERT INTO RoleMapping (id, principalType, principalId, roleId) VALUES (35, 'USER', '1', 35);
INSERT INTO RoleMapping (id, principalType, principalId, roleId) VALUES (36, 'USER', '1', 36);
INSERT INTO RoleMapping (id, principalType, principalId, roleId) VALUES (37, 'USER', '1', 37);
INSERT INTO RoleMapping (id, principalType, principalId, roleId) VALUES (38, 'USER', '1', 39);
INSERT INTO RoleMapping (id, principalType, principalId, roleId) VALUES (39, 'USER', '1', 40);
INSERT INTO RoleMapping (id, principalType, principalId, roleId) VALUES (40, 'USER', '1', 41);
INSERT INTO RoleMapping (id, principalType, principalId, roleId) VALUES (41, 'USER', '1', 42);
INSERT INTO RoleMapping (id, principalType, principalId, roleId) VALUES (42, 'USER', '1', 38);
INSERT INTO RoleMapping (id, principalType, principalId, roleId) VALUES (43, 'USER', '1', 43);
INSERT INTO RoleMapping (id, principalType, principalId, roleId) VALUES (44, 'USER', '2', 20);
INSERT INTO RoleMapping (id, principalType, principalId, roleId) VALUES (45, 'USER', '2', 23);
INSERT INTO RoleMapping (id, principalType, principalId, roleId) VALUES (46, 'USER', '2', 24);
INSERT INTO RoleMapping (id, principalType, principalId, roleId) VALUES (47, 'USER', '2', 26);
INSERT INTO RoleMapping (id, principalType, principalId, roleId) VALUES (48, 'USER', '2', 30);
INSERT INTO RoleMapping (id, principalType, principalId, roleId) VALUES (49, 'USER', '2', 2);
INSERT INTO RoleMapping (id, principalType, principalId, roleId) VALUES (50, 'USER', '2', 5);
INSERT INTO RoleMapping (id, principalType, principalId, roleId) VALUES (51, 'USER', '2', 10);
INSERT INTO RoleMapping (id, principalType, principalId, roleId) VALUES (52, 'USER', '2', 15);
INSERT INTO RoleMapping (id, principalType, principalId, roleId) VALUES (53, 'USER', '2', 18);
INSERT INTO RoleMapping (id, principalType, principalId, roleId) VALUES (54, 'USER', '2', 34);
INSERT INTO RoleMapping (id, principalType, principalId, roleId) VALUES (55, 'USER', '2', 36);
INSERT INTO RoleMapping (id, principalType, principalId, roleId) VALUES (56, 'USER', '2', 39);
INSERT INTO RoleMapping (id, principalType, principalId, roleId) VALUES (57, 'USER', '2', 40);
INSERT INTO RoleMapping (id, principalType, principalId, roleId) VALUES (58, 'USER', '2', 43);
INSERT INTO RoleMapping (principalType, principalId, roleId) VALUES ('USER', '1', 1);
INSERT INTO RoleMapping (principalType, principalId, roleId) VALUES ('USER', '2', 1);

INSERT INTO admin_console.Workspace (id, type, ownerId, createdId, createdAt, groupId) VALUES (1, 'user', 1, 1, null, null);
INSERT INTO admin_console.Workspace (id, type, ownerId, createdId, createdAt, groupId) VALUES (2, 'user', 2, 2, null, null);
INSERT INTO admin_console.Workspace (id, type, ownerId, createdId, createdAt, groupId) VALUES (3, 'user', 3, 3, null, null);
INSERT INTO admin_console.Workspace (id, type, ownerId, createdId, createdAt, groupId) VALUES (4, 'user', 4, 4, null, null);
INSERT INTO admin_console.Workspace (id, type, ownerId, createdId, createdAt, groupId) VALUES (5, 'group', 3, 3, null, 1);
INSERT INTO admin_console.UserGroupMapping (groupId, userId, userStatus, userRole) VALUES (1, 3, 'invited', null);
INSERT INTO admin_console.UserGroupMapping (groupId, userId, userStatus, userRole) VALUES (1, 4, 'invited', null);
INSERT INTO admin_console.UserGroup (id, name, ownerId) VALUES (1, 'msl', 3);
commit;
